text,CATEGORY_FORUMS,CATEGORY_PERSONAL,CATEGORY_PROMOTIONS,CATEGORY_SOCIAL,CATEGORY_UPDATES,IMPORTANT,INBOX,Label_2878974331142224262,Label_2953521746248741887,Label_4225263260769646991,Label_4252750704961950402,Label_6,Label_6487543333629621576,Label_7167721597166967836,STARRED,TRASH,UNREAD
Why don‚Äôt we screen healthy people to catch diseases early?,0,0,0,0,1,0,1,0,0,0,0,0,0,0,0,0,1
"SWLW #540: Accountability is not blame, To benefit from AI your Organization‚Äôs Learning Loops must evolve, and more.",0,0,0,0,1,0,1,0,0,0,0,0,0,0,0,0,1
Moneyball,0,0,0,0,1,0,1,0,0,0,0,0,0,0,0,0,1
test,0,1,0,0,0,0,1,0,0,0,0,0,0,0,0,0,1
Spring Into Ohio Investment Property This Week!,0,0,0,0,1,0,1,0,0,0,1,0,0,0,0,0,1
Payment Received - We've received your payment.,0,0,0,0,1,0,1,0,0,0,0,0,1,0,0,0,1
Your statement is available,0,0,0,0,1,0,1,0,0,0,0,0,0,0,0,0,1
"Elon Musk removes @nytimes verification, Twitter tracked if algorithm tweaks hurt Musk",0,0,0,1,0,0,1,0,0,0,0,0,0,0,0,0,1
New updates to your Brooklyn search,0,1,0,0,0,0,1,0,0,0,0,0,0,0,0,0,0
OOP Slack final reminder,0,1,0,0,0,0,1,0,0,0,0,0,0,0,0,0,1
Reminder: See What's New in The Naples & Bonita Springs Real Estate Market,0,0,1,0,0,0,1,0,0,0,0,0,0,0,0,0,1
Your March 2023 Amex Send Account statement is ready,0,1,0,0,0,1,1,0,0,1,0,0,0,0,0,0,1
"Breaking News: L.S.U. beats Iowa, 102-85, to win first N.C.A.A. championship",0,0,0,1,0,0,1,0,0,0,0,0,0,0,0,0,1
Rita Osullivan posted in Madison Park HOA,0,0,0,1,0,0,1,0,0,0,0,0,0,0,0,0,1
You sent $850.00 to NEHA KAYITI,0,0,0,0,1,0,1,0,0,0,0,0,0,0,0,0,1
"eInvoice Notification - April     02nd, 2023",0,0,0,0,1,0,1,0,0,0,0,0,0,0,0,0,1
Your Fave Jeans? They're On Sale,0,0,1,0,0,0,1,0,0,0,0,0,0,0,0,0,1
The Controversial AI Moratorium Letter,0,0,0,1,0,0,1,0,0,0,0,0,0,0,0,0,1
Some ideas for science fiction in the 2020s,0,0,1,0,0,0,1,0,0,0,0,0,0,0,0,0,1
Your Apple Card statement is ready,0,0,0,0,1,0,1,0,0,0,0,0,0,0,0,0,1
"Reset your password, sun.",0,0,0,0,1,1,1,0,0,0,0,0,0,0,0,0,0
The Difficulty Ratio,0,0,1,0,0,0,1,0,0,0,0,0,0,0,0,0,1
Delivered: Your Amazon.com order #112-2841437-8285015,0,0,0,0,1,0,1,0,0,0,0,0,0,0,0,0,0
Fidelity Investments Credit Card Transaction Notification,0,0,0,0,1,0,1,0,0,0,0,0,0,0,0,0,0
April springs into action at Paradise Coast Sports Complex,0,0,1,0,0,0,1,0,0,0,0,0,0,0,0,0,0
New shareholder reports available,0,1,0,0,0,1,1,0,0,0,0,0,0,0,0,0,1
The Fed & Q1 Distributions,0,0,0,0,1,0,1,0,0,0,0,0,0,0,0,0,1
The Fed & Q1 Distributions,0,0,0,0,1,0,1,0,0,0,0,0,0,0,0,0,1
Breaking News: Storms kill at least 9 as tornadoes tear through Midwest and South,0,0,0,1,0,0,1,0,0,0,0,0,0,0,0,0,0
10 Stories of Epic Pranks and Legendary Hoaxes,0,0,1,0,0,0,1,0,0,0,0,0,0,0,0,0,1
Reminder: 2023.03.29 - Dissolution Agreement - Kayiti.pdf - Shared from Box,0,1,0,0,0,0,1,0,0,0,0,0,0,0,0,0,1
Spring Brings Newness to RealWealth,0,1,0,0,0,0,1,0,0,0,0,0,0,0,0,0,1
Your Credit Card Was Charged,0,0,0,0,1,0,1,0,0,0,0,0,0,0,0,0,0
"Notification: Costco Tire Rotation Appt @12PM @ Sat Apr 1, 2023 12pm - 2pm (EDT) (sunil.kayiti@gmail.com)",0,1,0,0,0,0,1,0,0,0,0,0,0,0,0,0,1
"Weekend Listening: Mobs, Scapegoats, and Courage",0,0,0,0,1,0,1,0,0,0,0,0,0,0,0,0,1
Creative collaborations find a home at SXSW,0,0,0,0,1,0,1,0,0,0,0,0,0,0,0,0,1
Answering Your Frequently Asked Questions,0,0,0,0,1,0,1,0,0,0,0,0,0,0,0,0,0
"5-Bullet Friday ‚Äî March 31, 2023",0,0,0,0,1,0,1,0,0,0,0,0,0,0,0,0,1
What I read this week...,0,0,1,0,0,0,1,0,0,0,0,0,0,0,0,0,0
[Business] Your Saturday morning trip with Uber,0,0,1,0,0,0,1,0,0,0,0,0,0,0,0,0,0
Receipt,0,0,0,0,1,0,1,0,0,0,0,0,0,0,0,0,0
"Your Owner Payments as of March 31, 2023",0,1,0,0,0,0,1,0,0,0,0,0,0,0,0,0,0
Delivery update: Ivilon Drapery Window...,0,0,0,0,1,0,1,0,0,0,0,0,0,0,0,0,0
sunkay.subscriptions: Arnav Manchala is a suggested friend for you,0,0,1,0,0,0,1,0,0,0,0,0,0,0,0,0,1
"Daniel Duffy posted in CrowdStreet Investors, Part Deux",0,0,0,1,0,0,1,0,0,0,0,0,0,0,0,0,0
Service Request Confirmation,0,0,0,0,1,0,1,0,0,0,0,0,0,0,0,0,0
Freddie Mac House Price Index Declines for 8th Consecutive Month in February,0,0,0,1,0,0,1,0,0,0,0,0,0,0,0,0,1
Freddie Mac House Price Index Declines for 8th Consecutive Month in February,0,0,0,1,0,0,1,0,0,0,0,0,0,0,0,0,1
Your payment has been received,0,0,0,0,1,0,1,0,0,0,0,0,0,0,0,0,0
Three more books about the technology wars,0,0,0,0,1,0,1,0,0,0,0,0,0,0,0,0,1
"LWiAI Podcast #116 - ChatGPT plugins, AI hardware, petition to pause AI, Trump deepfakes",0,0,0,0,1,0,1,0,0,0,0,0,0,0,0,0,1
Recent listings near you,0,0,1,0,0,0,1,0,0,0,0,0,0,0,0,0,1
NEFT Transaction,0,0,0,0,1,0,1,0,0,0,0,0,0,0,0,0,0
Re: Happy birthday dear Jaya!,1,0,0,0,0,0,1,0,0,0,0,0,0,0,0,0,1
FREE Fast Twitch Energy from SmartPay!,0,0,1,0,0,0,1,0,0,0,0,0,0,0,0,0,1
The Daily Alert,0,0,0,1,0,0,1,0,0,0,0,0,0,0,0,0,1
ü§ñ ChatGPT gets a time-out in Italy,0,0,0,0,1,0,1,0,0,0,0,0,0,0,0,0,1
JUST IN: Really Good Shirts,0,0,1,0,0,0,1,0,0,0,0,0,0,0,0,0,1
‚ö†Ô∏è This offer ends tonight,0,0,1,0,0,0,1,0,0,0,0,0,0,0,0,0,1
This is why real estate is not your best investment¬†,0,1,0,0,0,0,1,0,1,0,0,0,0,0,0,0,1
Don't miss this exclusive event in May!,0,1,0,0,0,0,1,0,1,0,0,0,0,0,0,0,1
New updates to your Brooklyn search,0,0,1,0,0,0,1,0,0,0,0,0,0,0,0,0,1
"Register for our Postgraduate On-campus Event, 31 May 2023",0,0,0,0,1,0,1,0,0,0,0,0,0,0,0,0,1
Receipt: Direct Deposit Received,0,0,0,0,1,0,1,0,0,0,0,0,0,0,0,0,1
A Not Very Decentralized DAO ü´£,0,0,0,0,1,0,1,0,0,0,0,0,0,0,0,0,1
"Need to Know: Underweight stocks now, says JPMorgan, because there‚Äôs a risk-free alternative paying 5%",0,0,0,1,0,0,1,1,0,0,0,0,0,0,0,0,1
üìù Guest Post: An introduction to Similarity Search*,0,0,0,1,0,0,1,0,0,0,0,0,0,0,0,0,1
"ü§ë Hey, remember Groupon?",0,0,0,1,0,0,1,1,0,0,0,0,0,0,0,0,1
"Gene therapy could expand to a skin condition, why ChatGPT fails in medicine, & what Ashish Jha wants doctors to do",0,0,0,0,1,0,1,0,0,0,0,0,0,0,0,0,1
An update on your 2022 K-1s for your AngelList investments (Diwali Realty),0,1,0,0,0,0,1,0,0,0,0,0,0,0,0,0,0
Your Quarterly HSA Statement is Ready for Viewing - Download Now!,0,1,0,0,0,0,1,0,0,0,0,0,0,0,0,0,1
We want to feature you in an Inside newsletter next week,0,0,1,0,0,0,1,0,0,0,0,0,0,0,0,0,1
We want to feature you in an Inside newsletter next week,0,1,0,0,0,0,1,0,0,0,0,0,0,0,0,0,1
Travelport raises $200M to provide payment and software solutions for the travel industry,0,0,1,0,0,0,1,0,0,0,0,0,0,0,0,0,1
You can tell when a potential employer has a burnout problem,0,0,0,1,0,0,1,0,0,0,0,0,0,0,0,0,1
Will BTC have an equally good Q2?,0,0,0,1,0,0,1,0,0,0,0,0,0,0,0,0,1
"Invest with Merrill and get a bonus up to $1,000",0,0,0,0,1,0,1,0,0,0,0,0,0,0,0,0,1
How are we doing?,0,1,0,0,0,0,1,0,0,0,0,0,0,0,0,0,0
"We are hurtling toward a glitchy, spammy, scammy, AI-powered internet",0,0,0,0,1,0,1,0,0,0,0,0,0,0,0,0,1
Family Eye Care Center & Optical Update on Optical Appointments,0,0,1,0,0,0,1,0,0,0,0,0,0,0,0,0,1
"Last Week in AI #213: US police used Clearview AI 1 million times, Bing Chatbot gets ads, Midjourney ends free tri‚Ä¶",0,0,0,0,1,0,1,0,0,0,0,0,0,0,0,0,1
"Invitation: chit chat  @ Tue Apr 4, 2023 6pm - 7pm (EDT) (sunil.kayiti@gmail.com)",0,1,0,0,0,0,1,0,0,0,0,0,0,0,0,0,0
"The Game Developers Conference Fortified ARK‚Äôs Outlook On The Future Of Gaming, And More...",0,0,0,0,1,0,1,0,0,0,0,0,0,0,0,0,1
From extradition to crackdown,0,0,0,0,1,0,1,0,0,0,0,0,0,0,0,0,1
Classical Comebach,0,0,1,0,0,0,1,0,0,0,0,0,0,0,0,0,1
Black Knight Mortgage Monitor: Home Prices Increased Slightly in February; Prices Up 1.9% YoY,0,0,0,1,0,0,1,0,0,0,0,0,0,0,0,0,1
Black Knight Mortgage Monitor: Home Prices Increased Slightly in February; Prices Up 1.9% YoY,0,0,0,1,0,0,1,0,0,0,0,0,0,0,0,0,1
AutoPay Notice,0,1,0,0,0,0,1,0,0,0,0,0,0,0,0,0,1
"üè°: Here's the latest market data for Naples, FL 34112",0,0,0,0,1,0,1,0,0,0,0,0,0,0,0,0,1
You‚Äôre invited: Fidelity webinars through mid-April,0,1,0,0,0,1,1,0,0,0,0,0,0,0,0,0,1
Re: BGE - 231 North Rose Fwd: Service STOP Request Confirmation,0,1,0,0,0,1,1,0,0,0,1,0,0,0,0,0,0
Your AutoPay Payment Reminder,0,1,0,0,0,0,1,0,0,0,0,0,0,0,0,0,1
Instacart raises internal valuation by 18% / Acorns acquires GoHenry / Stability AI CEO targets IPO in a few years,0,0,0,0,1,0,1,0,0,0,0,0,0,0,0,0,1
Your Weekly HBO Max Streaming Guide,0,0,1,0,0,0,1,0,0,0,0,0,0,0,0,0,1
Your Expedia Rewards is becoming One Key,0,0,1,0,0,0,1,0,0,0,0,0,0,0,0,0,1
Adam Neumann's Flow may expand to Saudi Arabia / Textio restructures its organization / AgTech Green Labs raised $38.4M debt financing,0,0,1,0,0,0,1,0,0,0,0,0,0,0,0,0,1
The ARK Venture Fund Invests in Anthropic,0,0,0,0,1,0,1,0,0,0,0,0,0,0,0,0,1
Your weekly workout report from Fitbod,0,0,1,0,0,0,1,0,0,0,0,0,0,0,0,0,1
Your weekly workout report from Fitbod,0,0,1,0,0,0,1,0,0,0,0,0,0,0,0,0,1
Elon Musk seeks dismissal of $258B Dogecoin lawsuit / Japan issues warning to foreign crypto exchanges / U.K. banks refuse to work with crypto firms,1,0,0,0,0,0,1,0,0,0,0,0,0,0,0,0,1
Elon Musk seeks dismissal of $258B Dogecoin lawsuit / Japan issues warning to foreign crypto exchanges / U.K. banks refuse to work with crypto firms,1,0,0,0,0,0,1,0,0,0,0,0,0,0,0,0,1
"New Video: Strong demand, low inventory means fewer discounts for home buyers",0,0,0,1,0,0,1,0,0,0,0,0,0,0,0,0,1
A Healthy Heart is in Your Hands!,0,0,1,0,0,0,1,0,0,0,0,0,0,0,0,0,1
The Secret to Successful Investing: Discipline,0,1,0,0,0,0,1,0,0,0,0,1,0,0,0,0,1
Savings worth savoring ü§ë,0,0,1,0,0,0,1,0,0,0,0,0,0,0,0,0,1
‚öñÔ∏è Founders vs AI,0,0,0,0,1,0,1,0,0,0,0,0,0,0,0,0,1
Finland: NATO's Newest Member,0,0,1,0,0,0,1,0,0,0,0,0,0,0,0,0,1
"Early Bird Registration Ends Wednesday, April 5th - Save $500",0,1,0,0,0,0,1,0,1,0,0,0,0,0,0,0,1
The Management Tip of the Day,0,0,0,1,0,0,1,0,0,0,0,0,0,0,0,0,1
We want to send you stellar stats and awesome achievements!,0,0,1,0,0,0,1,0,0,0,0,0,0,0,0,0,1
"Omada discussion activity for Apr 3, 2023",0,0,0,0,1,0,1,0,0,0,0,0,0,1,0,0,1
"Recruit, hire, and retain the best people",0,0,0,1,0,0,1,0,0,0,0,0,0,0,0,0,1
A NEW Property Team in a High Cash Flow Market,0,0,0,0,1,0,1,0,0,0,0,0,0,0,0,0,1
Eco-Friendly Home Ideas for Sustainable Living,0,0,1,0,0,0,1,0,0,0,0,0,0,0,0,0,1
üìÑ PV Vasiraju posted an update,0,0,0,1,0,0,1,0,0,0,0,0,0,0,0,0,1
"michael_u190, stagnantwellwater and jordangittleman have posts",0,0,0,1,0,0,1,0,0,0,0,0,0,0,0,0,1
Twitter releases its source code / Google pauses Manifest V2 phase-out / GitHub announces Maintainer Community,0,0,0,0,1,0,1,0,0,0,0,0,0,0,0,0,0
"üí¨ Sunil, add Shrikanth Iyengar to your network",0,0,0,1,0,0,1,0,0,0,0,0,0,0,0,0,1
ARK Investment Management LLC ‚Äì Actively Managed ETFs - Daily Trade Information*,0,0,0,0,1,0,1,0,0,0,0,0,0,0,0,0,1
New updates to your Brooklyn search,0,1,0,0,0,0,1,0,0,0,0,0,0,0,0,0,1
From extradition to crackdown,0,0,0,0,1,0,1,0,0,0,0,0,0,0,0,0,1
Classical Comebach,0,0,1,0,0,0,1,0,0,0,0,0,0,0,0,0,1
Black Knight Mortgage Monitor: Home Prices Increased Slightly in February; Prices Up 1.9% YoY,0,0,0,1,0,0,1,0,0,0,0,0,0,0,0,0,1
Black Knight Mortgage Monitor: Home Prices Increased Slightly in February; Prices Up 1.9% YoY,0,0,0,1,0,0,1,0,0,0,0,0,0,0,0,0,1
"üè°: Here's the latest market data for Naples, FL 34112",0,0,0,0,1,0,1,0,0,0,0,0,0,0,0,0,1
"Gene therapy could expand to a skin condition, why ChatGPT fails in medicine, & what Ashish Jha wants doctors to do",0,0,0,0,1,0,1,0,0,0,0,0,0,0,0,0,1
Twitter logo shifts to Dogecoin icon / Binance market share falls to the lowest rate since November / KuCoin Wallet rebrands as Halo Wallet,1,0,0,0,0,0,1,0,0,0,0,0,0,0,0,0,1
2023-04-04 22:18:12 UPDATED: (M6.3) south of Panama 7.6 -82.3 (96494),0,0,0,0,1,0,1,0,0,0,0,0,0,0,0,0,1
New updates to your Brooklyn search,0,1,0,0,0,0,1,0,0,0,0,0,0,0,0,0,1
Spring is Here üåº Save 30% Off On Designer Picks ,0,0,1,0,0,0,1,0,0,0,0,0,0,0,0,0,1
Sanabil discloses investments in VC funds / Kaszek Ventures nabs $975M for two funds / Klaviyo gears up for IPO debut later this year,0,0,0,0,1,0,1,0,0,0,0,0,0,0,0,0,1
Rancher Rodeo: Hands-on Kubernetes Workshop,0,0,1,0,0,0,1,0,0,0,0,0,0,0,0,0,1
Easter Weekend,0,0,1,0,0,0,1,0,0,0,0,0,0,0,0,0,1
"AKF Newsletter April 2023, Marketing Metrics and Claim Check Pattern",0,1,0,0,0,0,1,0,0,0,0,0,0,0,0,0,1
How (and Where) to Buy Affordable Real Estate in The Fastest-Growing Metro in the Country,0,1,0,0,0,0,1,0,0,0,0,0,0,0,0,0,1
Important Message from Madison Park - ARC Meeting,0,1,0,0,0,0,1,0,0,0,0,0,0,0,0,0,0
Delivery update: Ivilon Drapery Window...,0,0,0,0,1,0,1,0,0,0,0,0,0,0,0,0,0
sunkay.subscriptions: Arnav Manchala is a suggested friend for you,0,0,1,0,0,0,1,0,0,0,0,0,0,0,0,0,1
"Daniel Duffy posted in CrowdStreet Investors, Part Deux",0,0,0,1,0,0,1,0,0,0,0,0,0,0,0,0,0
Service Request Confirmation,0,0,0,0,1,0,1,0,0,0,0,0,0,0,0,0,0
Freddie Mac House Price Index Declines for 8th Consecutive Month in February,0,0,0,1,0,0,1,0,0,0,0,0,0,0,0,0,1
Freddie Mac House Price Index Declines for 8th Consecutive Month in February,0,0,0,1,0,0,1,0,0,0,0,0,0,0,0,0,1
Your payment has been received,0,0,0,0,1,0,1,0,0,0,0,0,0,0,0,0,0
Three more books about the technology wars,0,0,0,0,1,0,1,0,0,0,0,0,0,0,0,0,1
"LWiAI Podcast #116 - ChatGPT plugins, AI hardware, petition to pause AI, Trump deepfakes",0,0,0,0,1,0,1,0,0,0,0,0,0,0,0,0,1
Moneyball,0,0,0,0,1,0,1,0,0,0,0,0,0,0,0,0,1
Why don‚Äôt we screen healthy people to catch diseases early?,0,0,0,0,1,0,1,0,0,0,0,0,0,0,0,0,1
"SWLW #540: Accountability is not blame, To benefit from AI your Organization‚Äôs Learning Loops must evolve, and more.",0,0,0,0,1,0,1,0,0,0,0,0,0,0,0,0,1
ü§ñ Midjourney kills free access,0,0,1,0,0,0,1,0,0,0,0,0,0,0,0,0,1
"SUNIL R, your personal progress is now available.",0,1,0,0,0,1,1,0,0,0,0,0,0,0,0,0,0
üìù Guest Post: Switching from Spreadsheets to Experiment Tracker and How It Improved My Model Development Process*,0,0,0,1,0,0,1,0,0,0,0,0,0,0,0,0,0
"Your Daily Digest for Fri, Mar 31",0,0,0,0,1,1,1,0,0,0,0,0,0,0,0,0,0
üì∫ ¬†Tinky Winky is loaded,0,0,0,1,0,0,1,1,0,0,0,0,0,0,0,0,1
Don‚Äôt Mistake the Nasdaq-100‚Äôs Bear Market Escape for a Buy Signal,0,0,0,1,0,0,1,1,0,0,0,0,0,0,0,0,0
Appointment Reminder,0,0,0,0,1,0,1,0,0,0,0,0,0,0,0,0,1
"Judge strikes down Obamacare provision, what telehealth changes may mean for trans people, & a clue to disparities in breast cancer",0,0,0,0,1,0,1,0,0,0,0,0,0,0,0,0,0
IPO market expected to recover by 2024 / Startups use new metrics to impress VCs / Eskom commits $100M to VC investments,0,1,0,0,0,0,1,0,0,0,0,0,0,0,0,0,0
Re: AAP LRHR 2022 pending,0,1,0,0,0,1,1,0,0,0,0,0,0,0,0,0,0
Fwd: Personal tax information request 2022,0,1,0,0,0,1,1,0,0,0,0,0,0,0,0,0,0
Personal tax information request 2022,0,1,0,0,0,0,1,0,0,0,0,0,0,0,0,0,0
Re: AAP LRHR 2022 pending,0,1,0,0,0,1,1,0,0,0,0,0,0,0,0,0,0
Re: AAP LRHR 2022 pending,0,1,0,0,0,1,1,0,0,0,0,0,0,0,0,0,0
Lyft in Trouble,0,1,0,0,0,0,1,0,0,0,0,0,0,0,0,0,1
"3-2-1: The most important habit, the difference between ambition and entitlement, and friendship",0,0,0,0,1,0,1,0,0,0,0,0,0,0,0,0,0
PATENT DROP: Google‚Äôs ego breaker,0,0,0,0,1,0,1,0,0,0,0,0,0,0,0,0,1
"Neha, it‚Äôs time to think about financing your studies and boosting your academic English",0,0,0,0,1,0,1,0,0,0,0,0,0,0,0,0,0
ü§ñ Could AI destroy humanity?,0,0,0,0,1,0,1,0,0,0,0,0,0,0,0,0,1
RE: AAP LRHR 2022 pending,0,1,0,0,0,1,1,0,0,0,0,0,0,0,0,0,0
Consent to verify your documents - University of Surrey,0,0,0,0,1,1,1,0,0,0,0,0,0,0,0,0,0
Twitter logo shifts to Dogecoin icon / Binance market share falls to the lowest rate since November / KuCoin Wallet rebrands as Halo Wallet,1,0,0,0,0,0,1,0,0,0,0,0,0,0,0,0,1
Offer Extended: Get 40% More¬†Points,0,0,1,0,0,0,1,0,0,0,0,0,0,0,0,0,1
"See Van's and other people's connections, experience, and more",0,0,0,0,1,0,1,0,0,0,0,0,0,0,0,0,1
Our Sale Just Got Better: Now Up To FIFTY Percent Off!,0,0,1,0,0,0,1,0,0,0,0,0,0,0,0,0,1
Re: Happy birthday dear Anu,1,0,0,0,0,0,1,0,0,0,0,0,0,0,0,0,1
New updates to your Brooklyn search,0,0,1,0,0,0,1,0,0,0,0,0,0,0,0,0,1
What tax deductions should you claim?,0,1,0,0,0,0,1,0,1,0,0,0,0,0,0,0,1
Want to learn something new?,0,0,1,0,0,0,1,0,0,0,0,0,0,0,0,0,1
Reminder: 2023.03.29 - Dissolution Agreement - Kayiti.pdf - Shared from Box,0,1,0,0,0,0,1,0,0,0,0,0,0,0,0,0,1
Re: Happy birthday dear Anu,1,0,0,0,0,0,1,0,0,0,0,0,0,0,0,0,1
‚õî Halting the 700 Million ARB Transfer,0,0,1,0,0,0,1,0,0,0,0,0,0,0,0,0,1
Re: Happy birthday dear Anu,1,0,0,0,0,0,1,0,0,0,0,0,0,0,0,0,1
Inside Alpaca: The Language Model from Stanford University that can Follow Instructions and Match GPT-3.5,0,0,0,1,0,0,1,0,0,0,0,0,0,0,0,0,1
Re: Happy birthday dear Anu,1,0,0,0,0,0,1,0,0,0,0,0,0,0,0,0,1
Booking 367149926: Here‚Äôs your updated e-ticket,0,0,0,0,1,1,1,0,0,0,0,0,0,0,0,0,1
"Special report: Stanford‚Äôs president and science under the spotlight, synthetic biology‚Äôs dangers, & cancer drug shortages",0,0,0,0,1,0,1,0,0,0,0,0,0,0,0,0,0
Happy birthday dear Anu,1,0,0,0,0,0,1,0,0,0,0,0,0,0,0,0,1
Industrial policy doesn't have to succeed right away,0,0,1,0,0,0,1,0,0,0,0,0,0,0,0,0,1
Anderson Renewal Invoice # 1047815,0,1,0,0,0,1,1,0,1,0,0,0,0,0,0,0,1
Re: Extension: Personal tax information,0,1,0,0,0,1,1,0,0,0,0,0,0,0,0,0,0
"Bob Lee killed in San Francisco, Meta releases image segmentation model",0,0,0,1,0,0,1,0,0,0,0,0,0,0,0,0,0
"Re: CTO - AI-Powered Slack for Healthcare - NEA, Lux Capital",0,1,0,0,0,1,1,0,0,0,0,0,0,0,0,0,1
Your tax form is available,0,1,0,0,0,1,1,0,0,0,0,0,0,0,0,0,1
Important Updates at CR of Maryland,0,1,0,0,0,1,1,0,0,0,1,0,0,0,0,0,0
Mining the deep sea,0,0,0,0,1,0,1,0,0,0,0,0,0,0,0,0,0
Re: 2022 Tax Cash Flow spreadsheet needed,0,1,0,0,0,1,1,0,0,0,1,0,0,0,0,0,0
Spirit Airlines Flight Confirmation: WGUBSP,0,0,0,0,1,1,1,0,0,0,0,0,0,0,1,0,0
Your booking is confirmed! (reference:  11531677759),0,0,0,0,1,0,1,0,0,0,0,0,0,0,1,0,0
Booking successful: eDreams Ref. #11531677759,0,0,0,0,1,1,1,0,0,0,0,0,0,0,1,0,0
How we built something useful,0,1,0,0,0,0,1,0,0,0,0,0,0,0,0,0,1
"Booking 367149926: Your booking is confirmed, Sunil",0,0,0,0,1,0,1,0,0,0,0,0,0,0,1,0,0
Booking 367149926: We got your payment and we‚Äôre on it!,0,0,0,0,1,0,1,0,0,0,0,0,0,0,0,0,0
eTicket Itinerary and Receipt for Confirmation C4Y3MS,0,0,0,0,1,1,1,0,0,0,0,0,0,0,1,0,0
Your Flight Receipt - SUNIL R KAYITI 15MAY23,0,0,0,0,1,0,1,0,0,0,0,0,0,0,1,0,0
"SUNNY, Take a Look at Our Latest Newsletter",0,0,1,0,0,0,1,0,0,0,0,0,0,0,0,0,1
Who runs Engineering processes? @ Irrational Exuberance,0,0,0,0,1,0,1,0,0,0,0,0,0,0,0,0,1
Fwd: Document from krishna.shastri12.@gmail.,0,1,0,0,0,1,1,0,0,0,0,0,0,0,0,0,0
ü§ñ U.S. President addresses AI dangers,0,0,0,0,1,0,1,0,0,0,0,0,0,0,0,0,1
Program Expiry,0,1,0,0,0,1,1,0,0,0,0,0,0,0,0,0,0
"Notification: Cancel Pulmonologist appt on Apr 12 @1:30 @ Wed Apr 5, 2023 12pm - 12:30pm (EDT) (sunil.kayiti@gmail.com)",0,1,0,0,0,0,1,0,0,0,0,0,0,0,0,0,1
Booking 11529377419: Save up to 30$ on your next flight!,0,0,1,0,0,0,1,0,0,0,0,0,0,0,0,0,0
Spirit Airlines Flight Confirmation: CJPSKQ,0,0,0,0,1,0,1,0,0,0,0,0,0,0,0,0,0
Your booking is confirmed! (reference:  11529377419),0,0,0,0,1,0,1,0,0,0,0,0,0,0,0,0,0
Booking successful: eDreams Ref. #11529377419,0,0,0,0,1,0,1,0,0,0,0,0,0,0,0,0,0
Important Message from Madison Park  - ARC Committee Meeting,0,1,0,0,0,0,1,0,0,0,0,0,0,0,0,0,0
The improv instinct,0,0,0,0,1,0,1,0,0,0,0,0,0,0,0,0,0
An email from my younger self,0,0,0,0,1,0,1,0,0,0,0,0,0,0,0,0,0
Your WEX HSA statement is now available,0,1,0,0,0,0,1,0,0,0,0,0,0,0,0,0,1
New statement and important disclosures available,0,1,0,0,0,1,1,0,0,0,0,0,0,0,0,0,1
2022 Annual Letter,0,1,0,0,0,0,1,0,0,0,0,0,0,0,0,0,1
How a Chinese battery company powers Turkey‚Äôs home-grown EVs,0,0,0,0,1,0,1,0,0,0,0,0,0,0,0,0,1
"Notification: chit chat  @ Tue Apr 4, 2023 6pm - 7pm (EDT) (sunil kayiti)",0,1,0,0,0,0,1,0,0,0,0,0,0,0,0,0,0
Edge 279: Cross-Silo Federating Learning,0,0,0,1,0,0,1,0,0,0,0,0,0,0,0,0,1
üìé Hot perk: Basic office supplies,0,0,0,1,0,0,1,1,0,0,0,0,0,0,0,0,1
A Man Said He Was Fired for Being Too Shy After Only Three Weeks on the Job,0,0,1,0,0,0,1,0,0,0,0,0,0,0,0,0,1
OPEC Makes the Fed‚Äôs Job Harder. That May End Up Hurting Investors.,0,0,0,1,0,0,1,1,0,0,0,0,0,0,0,0,1
"Hospitals sharing personal data, STAT Madness winner, & how tech helps build trust among LA's unhoused",0,0,0,0,1,0,1,0,0,0,0,0,0,0,0,0,1
Bank weakness is how our economy cools off,0,0,0,0,1,0,1,0,0,0,0,0,0,0,0,0,1
"New Video: Strong demand, low inventory means fewer discounts for home buyers",0,0,0,1,0,0,1,0,0,0,0,0,0,0,0,0,0
Your AutoPay Payment Reminder,0,1,0,0,0,0,1,0,0,0,0,0,0,0,0,0,0
How are we doing?,0,1,0,0,0,0,1,0,0,0,0,0,0,0,0,0,0
"We are hurtling toward a glitchy, spammy, scammy, AI-powered internet",0,0,0,0,1,0,1,0,0,0,0,0,0,0,0,0,0
"Last Week in AI #213: US police used Clearview AI 1 million times, Bing Chatbot gets ads, Midjourney ends free tri‚Ä¶",0,0,0,0,1,0,1,0,0,0,0,0,0,0,0,0,0
"Invitation: chit chat  @ Tue Apr 4, 2023 6pm - 7pm (EDT) (sunil.kayiti@gmail.com)",0,1,0,0,0,0,1,0,0,0,0,0,0,0,0,0,0
"The Game Developers Conference Fortified ARK‚Äôs Outlook On The Future Of Gaming, And More...",0,0,0,0,1,0,1,0,0,0,0,0,0,0,0,0,0
AutoPay Notice,0,1,0,0,0,0,1,0,0,0,0,0,0,0,0,0,0
You‚Äôre invited: Fidelity webinars through mid-April,0,1,0,0,0,1,1,0,0,0,0,0,0,0,0,0,1
Re: BGE - 231 North Rose Fwd: Service STOP Request Confirmation,0,1,0,0,0,1,1,0,0,0,1,0,0,0,0,0,0
An update on your 2022 K-1s for your AngelList investments (Diwali Realty),0,1,0,0,0,0,1,0,0,0,0,0,0,0,0,0,0
NEFT Transaction,0,0,0,0,1,0,1,0,0,0,0,0,0,0,0,0,0
Your March 2023 Amex Send Account statement is ready,0,1,0,0,0,1,1,0,0,1,0,0,0,0,0,0,0
"eInvoice Notification - April     02nd, 2023",0,0,0,0,1,0,1,0,0,0,0,0,0,0,0,0,1
The Controversial AI Moratorium Letter,0,0,0,1,0,0,1,0,0,0,0,0,0,0,0,0,1
Some ideas for science fiction in the 2020s,0,0,1,0,0,0,1,0,0,0,0,0,0,0,0,0,1
Your Apple Card statement is ready,0,0,0,0,1,0,1,0,0,0,0,0,0,0,0,0,1
"Reset your password, sun.",0,0,0,0,1,1,1,0,0,0,0,0,0,0,0,0,0
The Difficulty Ratio,0,0,1,0,0,0,1,0,0,0,0,0,0,0,0,0,1
Delivered: Your Amazon.com order #112-2841437-8285015,0,0,0,0,1,0,1,0,0,0,0,0,0,0,0,0,0
April springs into action at Paradise Coast Sports Complex,0,0,1,0,0,0,1,0,0,0,0,0,0,0,0,0,0
New shareholder reports available,0,1,0,0,0,1,1,0,0,0,0,0,0,0,0,0,1
The Fed & Q1 Distributions,0,0,0,0,1,0,1,0,0,0,0,0,0,0,0,0,1
